{
  "rounds": [
    {
      "baseline_ns": 620.8751220966949,
      "current_ns": 457.7047095040209,
      "change_percent": -26.280713590463666
    },
    {
      "baseline_ns": 614.6557010726831,
      "current_ns": 460.9735124931015,
      "change_percent": -25.002971307575763
    },
    {
      "baseline_ns": 648.1097711298758,
      "current_ns": 610.8566618031302,
      "change_percent": -5.747962920201111
    }
  ],
  "baseline_median_ns": 620.8751220966949,
  "current_median_ns": 460.9735124931015,
  "median_change_percent": -25.75423042617745
}
