{
  "schema": "rsproxy.criterion/v1",
  "unit": "nanoseconds",
  "metrics": {
    "mitm_certificate/cached_tls_handshake": {
      "mean_ns": 275167.9042831603,
      "lower_ns": 273876.8755753803,
      "upper_ns": 276972.09501411906
    },
    "mitm_certificate/disk_cache_hit": {
      "mean_ns": 4335.476101946796,
      "lower_ns": 3974.596788667088,
      "upper_ns": 4797.134300498175
    },
    "mitm_certificate/issue_leaf": {
      "mean_ns": 100897.55865619265,
      "lower_ns": 100233.51867124121,
      "upper_ns": 101833.95522892528
    },
    "mitm_certificate/server_config_cache_hit": {
      "mean_ns": 44.073505914338114,
      "lower_ns": 44.01305426934036,
      "upper_ns": 44.13099848633385
    },
    "rules_parse/100": {
      "mean_ns": 509881.67093752755,
      "lower_ns": 507856.13707691897,
      "upper_ns": 512723.0598963817
    },
    "rules_parse/1000": {
      "mean_ns": 4450167.780706847,
      "lower_ns": 4429296.627275622,
      "upper_ns": 4470932.761512232
    },
    "rules_parse/10000": {
      "mean_ns": 47101700.0125,
      "lower_ns": 46909300.040625,
      "upper_ns": 47322907.8503125
    },
    "rules_resolve_mixed/100": {
      "mean_ns": 899.7013653831284,
      "lower_ns": 897.4062997163193,
      "upper_ns": 902.3217588820534
    },
    "rules_resolve_mixed/1000": {
      "mean_ns": 950.3547707734812,
      "lower_ns": 946.3429125127166,
      "upper_ns": 955.214813941548
    },
    "rules_resolve_mixed/10000": {
      "mean_ns": 983.0430239559479,
      "lower_ns": 980.5993523093803,
      "upper_ns": 985.8617713223522
    },
    "trace_enqueue/abort_event": {
      "mean_ns": 162.28999819587133,
      "lower_ns": 157.2559335212478,
      "upper_ns": 167.5112596663947
    }
  }
}
